text,label
psg atropelar inter brilho doue enfim conquistar champions francês atuacao gala impoem goleada historia final liga campeoe faturar trofeu ineditar jovem frances gol assistencia,0
Botafogo poupar igor Jesus cuiabano santo time provavel dupla sequer viajar sao Paulo questoe fisico,0
marquinho destacar superacao psg levar titulo champions sofrer capitao ergueu taca psg champions league sabado vitoria 5 0 inter Milao,0
saida cruzeiro Alexandre Mattos encaminhar acerto santo dirigente ocupar posto ceo futebol clube mineiro compra controle acionario saf cruzeirense empresario Pedro Lourenco,1
torcida psg invader campo contir policia foto torcedor Paris saint germain sair arquibancada Allianz arena chegar gramado retirar guarda jogador vestiario seguranca,1
escalacao Fluminense Samuel xavier viajar ficar disposicao internacional elenco terar folga apo partida viagem copa mundo clube dia 6 junho,0
Atuacoes Coritiba Alex Silva brilhar comandar vitoria avai nota coxa vencer time catarinense 2 1 Couto Pereira 10a rodada serie b,0
Mbappe neymar parabenizar psg titulo champions dia chegar jogador atuar temporada equipe francês sair conquistar taca,1
aliar augusto comando corinthians impeachment anular cartola ter ser destituer presidencia clube votacao dia 26 romeu tumar junior supostamente afastar afirmar nao reconhecer ato,1
massacre psg inter consagrar aposta juventude jogo coletivo,0
psg goleia inter bater recorde rival italiano historia tao sonhado champions League Paris saint germain time frances atropelar,0
ex companheiro neymar Mbappe parabenizar psg titulo champions historia tao sonhado champions League Paris saint germain time frances atropelar,0
português sair frente ceder empate iguacu serie d historia tao sonhado champions League Paris saint germain time frances atropelar,0
barato psg campeao champions aposta qualidade distribuir historia tao sonhado champions League Paris saint germain time frances atropelar,0
desfalque Sao Paulo lucas vestir camisa psg celebrar titulo liga campeoe historia tao sonhado champions League Paris saint germain time frances atropelar,0
ex companheiro neymar Mbappe parabenizar psg titulo championspela historia tao sonhado champions League Paris saint germain time frances atropelar historia tao sonhado champions League Paris saint germain time frances atropelar,0
português sair frente ceder empate iguacu serie portuguesa empatar iguacu 1 1 sabado setimo rodada fase grupo serie d portuguesa empatar iguacu 1 1 sabado setimo rodada fase grupo serie d,0
desfalque Sao Paulo lucas vestir camisa psg celebrar titulo liga campeoesfora partida Sao Paulo Bahia lucas moura vestir camisa Paris saint germain sabado partida Sao Paulo Bahia lucas moura vestir camisa Paris saint germain sabado,0
massacre psg inter consagrar aposta juventude jogo Coletivojulio gomes,0
Luis enrique reconquistar champions league ano apos morte filha xano estar continuar festejar tecnico psg lembrar episodio marcante filha 10 ano atras campeao Barcelona,1
gol goias comemoracao la Memphis Depay Anselmo ramon empatar atletico go assistar serie b Disney,4
Mbappe mandar recado apos assistir psg conquistar champions league historia jogador deixar clube ano passado jogar real madrid,1
pecado atletico go golaco classico goias arbitragem pegar impedimento assista serie b Disney,4
neymar reencarnar condecorar ate presidente franca doue joia 19 ano psg destruir champions desire doue gol dar assistencia goleada 5 0 psg inter Milao champions League,0
jornal loucura titulo ineditar psg champions neymar Messi Mbappe nao conseguir elenco estrela psg golear inter Milao conquistar champions,4
gol atletico go alix abrir placar classico goias assista serie b Disney,0
Coritiba vencer avai 2 1 jogo gol gol var bom momento partida acontecer estadio Couto Pereira curitiba valer 10a rodada serie b,0
classico goiano serie b atletico go encarar goias assista serie b Disney,4
titulo champions garantir triplice coroa psg fazer real madrid conseguir psg confirmar sabado titulo liga campeoe Europa bater inter Milao,4
psg historia champions vencer inter Milao 5 0,4
Campeao psg receber r 42 2 milhoe jogar copa intercontinental,4
vasco x rb bragantino assistir vivo horario jogo brasileirao,0
inter Miami x Columbus crew assistir vivo horario jogo ml,0
Sao Paulo x bahia assistir vivo horario jogo brasileirao,0
Paris saint germain x inter Milao assistir vivo horario champions League,4
jogo hoje sabado 31 maio assistir vivo horario,0
libertador 2025 flamengo 50 chance encarar time argentina oitava,0
Alexander arnold fechar contrato ano real madrid estrear mundial clube,1
champions league assistir hora valor comprar,1
pai neymar revelar santo virar saf ninguem rasgar dinheiro,4
jogo hoje feira 30 maio assistir vivo horario,0
patrocinio negocio impulsionar presenca psg inter champions,4
Cristiano ronaldo palmeira time buscar reforco alvo Abel Ferreira,0
lamine Yamal renovar Barcelona ate 2031 tornar atleta pagar clube,1
atletico mg x cienciano assistir vivo horario jogo sul americano,0
Fluminense x once calda assistir vivo horario jogo sul americano,0
copa libertador 2025 time titulo,0
racing x fortaleza assistir vivo horario jogo copa libertador,0
gremio x sportivo luqueno assistir vivo horario jogo sul americano,0
